{
  "2": {
    "userId": "130156972174475264",
    "username": "sayonara0097",
    "type": "sell",
    "symbol": "b",
    "amount": 2,
    "takeProfit": null,
    "stopLoss": null,
    "timeOpened": "2024-07-18T21:40:19.837Z"
  },
  "3": {
    "userId": "130156972174475264",
    "username": "sayonara0097",
    "type": "buy",
    "symbol": "C",
    "amount": 3,
    "takeProfit": null,
    "stopLoss": null,
    "timeOpened": "2024-07-18T21:40:37.795Z"
  },
  "4": {
    "userId": "130156972174475264",
    "username": "sayonara0097",
    "type": "buy",
    "symbol": "Test",
    "amount": 5,
    "takeProfit": 1,
    "stopLoss": 1,
    "timeOpened": "2024-07-18T21:40:56.958Z"
  }
}